{
  "entity.creeper.primed": {
    "sounds": [
      { "name": "mob/creeper/say1" },
	  { "name": "mob/creeper/say2" },
	  { "name": "mob/creeper/say3" },
      { "name": "mob/creeper/say4" }
    ], "replace": "true", "subtitle": "subtitles.entity.creeper.primed"
  },
    "entity.drowned.ambient_water": {
    "sounds": [
      { "name": "mob/drowned/idle1" },
	  { "name": "mob/drowned/idle2" },
	  { "name": "mob/drowned/idle3" },
      { "name": "mob/drowned/idle4" },
	  { "name": "mob/drowned/idle5" }
    ], "replace": "true", "subtitle": "damn daniel"
  }
}
